{
  "pdb_id": "sequence_only",
  "sequence": "ACCCCCGUUUCC",
  "predictions": [
    {
      "residue_id": 1,
      "residue": "A",
      "alpha_pred": 119.39745330810547,
      "beta_pred": -163.055419921875,
      "gamma_pred": -54.550193786621094,
      "delta_pred": -79.68882751464844,
      "epsilon_pred": 135.94119262695312,
      "zeta_pred": 67.91436767578125,
      "chi_pred": 138.4461669921875,
      "eta_pred": -143.93997192382812,
      "theta_pred": 115.71928405761719,
      "eta'_pred": 165.28028869628906,
      "theta'_pred": 137.59852600097656,
      "v0_pred": 2.8989007472991943,
      "v1_pred": 33.27267074584961,
      "v2_pred": -7.846678256988525,
      "v3_pred": 32.236366271972656,
      "v4_pred": -24.18448829650879,
      "alpha_true": null,
      "beta_true": null,
      "gamma_true": null,
      "delta_true": null,
      "epsilon_true": null,
      "zeta_true": null,
      "chi_true": null,
      "eta_true": null,
      "theta_true": null,
      "eta'_true": null,
      "theta'_true": null,
      "v0_true": null,
      "v1_true": null,
      "v2_true": null,
      "v3_true": null,
      "v4_true": null
    },
    {
      "residue_id": 2,
      "residue": "C",
      "alpha_pred": 111.49713897705078,
      "beta_pred": -168.34890747070312,
      "gamma_pred": -41.912559509277344,
      "delta_pred": -99.98117065429688,
      "epsilon_pred": 127.6870346069336,
      "zeta_pred": 53.51555633544922,
      "chi_pred": 144.805419921875,
      "eta_pred": -142.3778839111328,
      "theta_pred": 120.6666488647461,
      "eta'_pred": -178.1461944580078,
      "theta'_pred": 144.8198699951172,
      "v0_pred": 14.149635314941406,
      "v1_pred": 31.035907745361328,
      "v2_pred": -23.376388549804688,
      "v3_pred": 33.77897262573242,
      "v4_pred": -27.555252075195312,
      "alpha_true": null,
      "beta_true": null,
      "gamma_true": null,
      "delta_true": null,
      "epsilon_true": null,
      "zeta_true": null,
      "chi_true": null,
      "eta_true": null,
      "theta_true": null,
      "eta'_true": null,
      "theta'_true": null,
      "v0_true": null,
      "v1_true": null,
      "v2_true": null,
      "v3_true": null,
      "v4_true": null
    },
    {
      "residue_id": 3,
      "residue": "C",
      "alpha_pred": 98.69644927978516,
      "beta_pred": -171.50648498535156,
      "gamma_pred": -61.78184127807617,
      "delta_pred": -97.8277359008789,
      "epsilon_pred": 132.21234130859375,
      "zeta_pred": 71.3656997680664,
      "chi_pred": 151.382568359375,
      "eta_pred": -138.72555541992188,
      "theta_pred": 132.8507537841797,
      "eta'_pred": 158.64378356933594,
      "theta'_pred": 150.73748779296875,
      "v0_pred": 30.656494140625,
      "v1_pred": 41.412689208984375,
      "v2_pred": -20.434274673461914,
      "v3_pred": 27.25438117980957,
      "v4_pred": -31.12146759033203,
      "alpha_true": null,
      "beta_true": null,
      "gamma_true": null,
      "delta_true": null,
      "epsilon_true": null,
      "zeta_true": null,
      "chi_true": null,
      "eta_true": null,
      "theta_true": null,
      "eta'_true": null,
      "theta'_true": null,
      "v0_true": null,
      "v1_true": null,
      "v2_true": null,
      "v3_true": null,
      "v4_true": null
    },
    {
      "residue_id": 4,
      "residue": "C",
      "alpha_pred": 115.69403076171875,
      "beta_pred": -161.1216278076172,
      "gamma_pred": -46.78278350830078,
      "delta_pred": -105.51004791259766,
      "epsilon_pred": 143.11338806152344,
      "zeta_pred": 60.644195556640625,
      "chi_pred": 146.47093200683594,
      "eta_pred": -140.0386962890625,
      "theta_pred": 120.17343139648438,
      "eta'_pred": 170.7692108154297,
      "theta'_pred": 149.28163146972656,
      "v0_pred": 22.294973373413086,
      "v1_pred": 43.85102844238281,
      "v2_pred": -25.27449607849121,
      "v3_pred": 30.614917755126953,
      "v4_pred": -28.83632469177246,
      "alpha_true": null,
      "beta_true": null,
      "gamma_true": null,
      "delta_true": null,
      "epsilon_true": null,
      "zeta_true": null,
      "chi_true": null,
      "eta_true": null,
      "theta_true": null,
      "eta'_true": null,
      "theta'_true": null,
      "v0_true": null,
      "v1_true": null,
      "v2_true": null,
      "v3_true": null,
      "v4_true": null
    },
    {
      "residue_id": 5,
      "residue": "C",
      "alpha_pred": 116.25787353515625,
      "beta_pred": -162.4657440185547,
      "gamma_pred": -57.97344970703125,
      "delta_pred": -101.30805969238281,
      "epsilon_pred": 137.4899139404297,
      "zeta_pred": 64.77307891845703,
      "chi_pred": 147.60719299316406,
      "eta_pred": -140.22206115722656,
      "theta_pred": 128.7346649169922,
      "eta'_pred": 170.8385467529297,
      "theta'_pred": 141.8898468017578,
      "v0_pred": 11.994118690490723,
      "v1_pred": 46.129981994628906,
      "v2_pred": -19.048215866088867,
      "v3_pred": 26.82477378845215,
      "v4_pred": -29.423730850219727,
      "alpha_true": null,
      "beta_true": null,
      "gamma_true": null,
      "delta_true": null,
      "epsilon_true": null,
      "zeta_true": null,
      "chi_true": null,
      "eta_true": null,
      "theta_true": null,
      "eta'_true": null,
      "theta'_true": null,
      "v0_true": null,
      "v1_true": null,
      "v2_true": null,
      "v3_true": null,
      "v4_true": null
    },
    {
      "residue_id": 6,
      "residue": "C",
      "alpha_pred": 108.4978256225586,
      "beta_pred": -169.4928741455078,
      "gamma_pred": -40.39350509643555,
      "delta_pred": -100.33907318115234,
      "epsilon_pred": 150.8164825439453,
      "zeta_pred": 61.57861328125,
      "chi_pred": 134.3362274169922,
      "eta_pred": -141.00912475585938,
      "theta_pred": 115.62931823730469,
      "eta'_pred": -178.4379425048828,
      "theta'_pred": 142.1750946044922,
      "v0_pred": 18.149442672729492,
      "v1_pred": 41.669010162353516,
      "v2_pred": -26.382299423217773,
      "v3_pred": 30.814146041870117,
      "v4_pred": -27.116493225097656,
      "alpha_true": null,
      "beta_true": null,
      "gamma_true": null,
      "delta_true": null,
      "epsilon_true": null,
      "zeta_true": null,
      "chi_true": null,
      "eta_true": null,
      "theta_true": null,
      "eta'_true": null,
      "theta'_true": null,
      "v0_true": null,
      "v1_true": null,
      "v2_true": null,
      "v3_true": null,
      "v4_true": null
    },
    {
      "residue_id": 7,
      "residue": "G",
      "alpha_pred": 113.8609619140625,
      "beta_pred": -162.19410705566406,
      "gamma_pred": -59.697879791259766,
      "delta_pred": -93.9825668334961,
      "epsilon_pred": 155.20034790039062,
      "zeta_pred": 62.97987365722656,
      "chi_pred": 141.4319610595703,
      "eta_pred": -144.76583862304688,
      "theta_pred": 121.27517700195312,
      "eta'_pred": 177.34365844726562,
      "theta'_pred": 132.94334411621094,
      "v0_pred": 7.959847927093506,
      "v1_pred": 33.229713439941406,
      "v2_pred": -10.625994682312012,
      "v3_pred": 35.033775329589844,
      "v4_pred": -22.78082847595215,
      "alpha_true": null,
      "beta_true": null,
      "gamma_true": null,
      "delta_true": null,
      "epsilon_true": null,
      "zeta_true": null,
      "chi_true": null,
      "eta_true": null,
      "theta_true": null,
      "eta'_true": null,
      "theta'_true": null,
      "v0_true": null,
      "v1_true": null,
      "v2_true": null,
      "v3_true": null,
      "v4_true": null
    },
    {
      "residue_id": 8,
      "residue": "U",
      "alpha_pred": 108.30506134033203,
      "beta_pred": -152.80645751953125,
      "gamma_pred": -51.3816032409668,
      "delta_pred": -101.3680191040039,
      "epsilon_pred": 169.55508422851562,
      "zeta_pred": 62.66367721557617,
      "chi_pred": 154.3018798828125,
      "eta_pred": -169.6278839111328,
      "theta_pred": 119.44947814941406,